{"_step":58,"task_loss":0.3855258524417877,"_timestamp":1.7840275308392284e+09,"train/loss":1.0646,"compression_weight":0.5154255319148936,"total_loss":0.5160189867019653,"budget_raw":0.208984375,"train/grad_norm":0.128642930350623,"_wandb":{"runtime":341},"_runtime":341.66321656,"budget_value":0.208984375,"comp_loss":0.208984375,"train/epoch":0.10270030987162461,"train/global_step":58,"bce_loss":0.1884765625,"reg_weight":0.11953900709219858,"train/learning_rate":1.7058823529411767e-05}