{"train/global_step":7,"_step":7,"_runtime":53.798056779,"compression_weight":0.05186170212765958,"budget_value":0.55859375,"total_loss":0.6137977242469788,"bce_loss":0.39453125,"comp_loss":0.55859375,"train/grad_norm":0.12913523889250514,"train/loss":0.9394,"_wandb":{"runtime":53},"train/learning_rate":6.862745098039216e-06,"reg_weight":0.10786052009456265,"train/epoch":0.01239486498450642,"budget_raw":0.55859375,"_timestamp":1.7840282346556544e+09,"task_loss":0.5423865914344788}