{"bce_loss":0.0252685546875,"total_flos":1.216886995206144e+15,"train/epoch":9.99867197875166,"train/grad_norm":0.30579453026032305,"train_runtime":31945.7422,"_step":5640,"train/learning_rate":0,"train/loss":0.992,"train/global_step":5640,"reg_weight":1.9996631205673758,"train_steps_per_second":0.177,"_timestamp":1.783975846070568e+09,"_runtime":31954,"total_loss":1.0784188508987427,"_wandb":{"runtime":31954},"task_loss":1.0278817415237427,"train_samples_per_second":45.248,"train_loss":0.9238841723571433}