{"overall_acc": 0.7319587628865979, "category_acc": {"action_recognition": 0.8888888888888888, "attribute_comparison": 0.5454545454545454, "attribute_recognition": 0.8108108108108109, "celebrity_recognition": 0.9292929292929293, "function_reasoning": 0.8734177215189873, "future_prediction": 0.525, "identity_reasoning": 0.9555555555555556, "image_emotion": 0.78, "image_quality": 0.39622641509433965, "image_scene": 0.9711538461538461, "image_style": 0.8679245283018868, "image_topic": 0.8611111111111112, "nature_relation": 0.5625, "object_localization": 0.5061728395061729, "ocr": 0.8974358974358975, "physical_property_reasoning": 0.6533333333333333, "physical_relation": 0.4583333333333333, "social_relation": 0.9302325581395349, "spatial_relationship": 0.24444444444444444, "structuralized_imagetext_understanding": 0.5512820512820513}, "l2_category_acc": {"attribute_reasoning": 0.8090452261306532, "coarse_perception": 0.8040540540540541, "finegrained_perception (cross-instance)": 0.5804195804195804, "finegrained_perception (instance-level)": 0.7781569965870307, "logic_reasoning": 0.5423728813559322, "relation_reasoning": 0.6782608695652174}}