{"train_runtime":2.6325,"train_samples_per_second":54909.456,"train_loss":0,"train/global_step":564,"_wandb":{"runtime":14},"_runtime":14,"_timestamp":1.784034261271486e+09,"train/epoch":0.99867197875166,"train_steps_per_second":214.247,"_step":0,"total_flos":1.21561529450496e+14}