{"overall_acc": 0.7757731958762887, "category_acc": {"action_recognition": 0.8888888888888888, "attribute_comparison": 0.6363636363636364, "attribute_recognition": 0.8783783783783784, "celebrity_recognition": 0.9393939393939394, "function_reasoning": 0.8734177215189873, "future_prediction": 0.625, "identity_reasoning": 0.9777777777777777, "image_emotion": 0.74, "image_quality": 0.5283018867924528, "image_scene": 0.9903846153846154, "image_style": 0.8679245283018868, "image_topic": 0.8888888888888888, "nature_relation": 0.7291666666666666, "object_localization": 0.5802469135802469, "ocr": 0.8974358974358975, "physical_property_reasoning": 0.6933333333333334, "physical_relation": 0.375, "social_relation": 0.9302325581395349, "spatial_relationship": 0.26666666666666666, "structuralized_imagetext_understanding": 0.7051282051282052}, "l2_category_acc": {"attribute_reasoning": 0.8291457286432161, "coarse_perception": 0.831081081081081, "finegrained_perception (cross-instance)": 0.6153846153846154, "finegrained_perception (instance-level)": 0.8191126279863481, "logic_reasoning": 0.6779661016949152, "relation_reasoning": 0.7304347826086957}}