{"reg_weight":1.420567375886525,"total_loss":0.7142221927642822,"budget_raw":0.84375,"compression_weight":0.3627659574468085,"train/learning_rate":1.1237848309453618e-05,"task_loss":0.39268895983695984,"_wandb":{"runtime":2217},"train/global_step":392,"train/grad_norm":0.17778487766532286,"train/loss":1.2085,"_timestamp":1.7840305194976912e+09,"budget_value":0.84375,"_runtime":2217.736749343,"bce_loss":0.010498046875,"_step":392,"comp_loss":0.84375,"train/epoch":0.6941124391323594}