{"comp_loss":0.470703125,"budget_raw":0.470703125,"_step":3,"train/grad_norm":0.78125,"bce_loss":0,"compression_weight":1,"_wandb":{"runtime":35},"total_loss":1.0907214879989624,"train/epoch":0.005312084993359893,"train/loss":1.3334,"task_loss":0.6200183629989624,"budget_value":0.470703125,"_runtime":35.117879995,"train/global_step":3,"train/learning_rate":8.823529411764707e-06,"_timestamp":1.7840953237084756e+09,"reg_weight":0.11010638297872341}