{"train_runtime":3246.1213,"train/loss":0.831,"_runtime":3249,"train/grad_norm":0.3304297927946334,"train/global_step":564,"_step":564,"train_samples_per_second":44.529,"total_flos":1.21561369788416e+14,"train_loss":0.8452154442350915,"train/learning_rate":0,"train_steps_per_second":0.174,"train/epoch":0.99867197875166,"_wandb":{"runtime":3249},"_timestamp":1.7839361691793873e+09}