{"total_flos":1.21561529450496e+14,"compression_weight":0.4992021276595745,"train/grad_norm":0.3584684110542899,"task_loss":0.8492957353591919,"train/epoch":0.99867197875166,"_runtime":3226,"train_samples_per_second":44.943,"budget_raw":0.8515625,"total_loss":1.314627766609192,"train/learning_rate":0,"_wandb":{"runtime":3226},"reg_weight":1.996631205673759,"train_loss":1.0441188711857965,"comp_loss":0.8515625,"_step":564,"budget_value":0.8515625,"train/global_step":564,"train_steps_per_second":0.175,"train/loss":1.2788,"train_runtime":3216.2505,"bce_loss":0.019775390625,"_timestamp":1.784037831772416e+09}