{"train_loss":1.1281246277668797,"train/global_step":564,"comp_loss":0.125,"train_runtime":3262.1857,"budget_raw":0.125,"task_loss":1.0595790147781372,"train_samples_per_second":44.31,"total_flos":1.21561529450496e+14,"_runtime":3273,"compression_weight":1.996631205673759,"budget_value":0.125,"train_steps_per_second":0.173,"total_loss":1.3789149522781372,"reg_weight":1.996631205673759,"_wandb":{"runtime":3273},"train/loss":1.3043,"_timestamp":1.7840339318915975e+09,"train/epoch":0.99867197875166,"_step":564,"train/learning_rate":0,"bce_loss":0.03466796875,"train/grad_norm":0.26186836773579814}