{"_step":24,"_timestamp":1.7840280269172518e+09,"task_loss":0.7018958330154419,"_wandb":{"runtime":149},"budget_value":0.267578125,"bce_loss":0.2265625,"compression_weight":0.5212765957446809,"train/loss":1.1055,"total_loss":0.8703528642654419,"_runtime":149.839763681,"comp_loss":0.267578125,"train/grad_norm":0.28390908263448406,"reg_weight":0.1269503546099291,"train/global_step":24,"train/learning_rate":2.3529411764705884e-05,"budget_raw":0.267578125,"train/epoch":0.04249667994687915}