{"train/grad_norm":0.017183479715796854,"train/epoch":3.888888888888889,"bce_loss":0.0031585693359375,"_step":2194,"_timestamp":1.7840088790925415e+09,"task_loss":0.8668464422225952,"reg_weight":0.8391134751773048,"train/loss":0.6701,"train/learning_rate":3.492737951129125e-05,"train/global_step":2194,"total_loss":0.8695014715194702,"_wandb":{"runtime":12528},"_runtime":12528.472278549}