{"_step":532,"_timestamp":1.7840266674553363e+09,"train/learning_rate":4.210292578115921e-07,"task_loss":0.8345715403556824,"bce_loss":0.00872802734375,"_wandb":{"runtime":3608},"budget_value":0.98828125,"train/global_step":532,"reg_weight":1.8921985815602838,"train/epoch":0.9420097388224878,"comp_loss":0.98828125,"train/grad_norm":0.012916614803121135,"budget_raw":1.0390625,"train/loss":0.7829,"_runtime":3608.967916982,"total_loss":0.8510510325431824}