{"overall_acc": 0.7414089347079038, "category_acc": {"action_recognition": 0.8888888888888888, "attribute_comparison": 0.5454545454545454, "attribute_recognition": 0.8108108108108109, "celebrity_recognition": 0.9393939393939394, "function_reasoning": 0.8607594936708861, "future_prediction": 0.525, "identity_reasoning": 0.9555555555555556, "image_emotion": 0.78, "image_quality": 0.37735849056603776, "image_scene": 0.9711538461538461, "image_style": 0.8679245283018868, "image_topic": 0.9166666666666666, "nature_relation": 0.625, "object_localization": 0.5308641975308642, "ocr": 0.8974358974358975, "physical_property_reasoning": 0.68, "physical_relation": 0.4583333333333333, "social_relation": 0.9302325581395349, "spatial_relationship": 0.28888888888888886, "structuralized_imagetext_understanding": 0.5641025641025641}, "l2_category_acc": {"attribute_reasoning": 0.8140703517587939, "coarse_perception": 0.8074324324324325, "finegrained_perception (cross-instance)": 0.5944055944055944, "finegrained_perception (instance-level)": 0.78839590443686, "logic_reasoning": 0.5508474576271186, "relation_reasoning": 0.7043478260869566}}