{"comp_loss":0.98828125,"task_loss":0.8161939978599548,"bce_loss":0.0038299560546875,"budget_value":0.98828125,"_timestamp":1.7840903896751904e+09,"train/epoch":0.99867197875166,"total_flos":1.21561529450496e+14,"_runtime":3241,"_wandb":{"runtime":3241},"train/loss":0.8261,"train/global_step":564,"train_samples_per_second":44.753,"_step":564,"budget_raw":1.046875,"train/grad_norm":0.019632484015569954,"train/learning_rate":0,"reg_weight":1.996631205673759,"train_steps_per_second":0.175,"compression_weight":0,"train_loss":0.8124156673537924,"total_loss":0.8238539099693298,"train_runtime":3229.9211}