{"budget_value":0.5078125,"train/learning_rate":0,"compression_weight":0.1,"train/loss":0.8686,"total_flos":1.21561459228672e+14,"task_loss":0.8483527302742004,"train_samples_per_second":44.874,"train/global_step":564,"_timestamp":1.784099562976477e+09,"_runtime":3232,"train_loss":0.8600887300063532,"total_loss":0.8991339802742004,"_step":564,"train/grad_norm":0.099609375,"budget_raw":0.5078125,"reg_weight":1.996631205673759,"train_runtime":3221.2106,"comp_loss":0.5078125,"train_steps_per_second":0.175,"_wandb":{"runtime":3232},"train/epoch":0.99867197875166,"bce_loss":0}