{"total_loss":0.6175608038902283,"train/loss":0.8265,"compression_weight":0.1,"_timestamp":1.7840963097397602e+09,"task_loss":0.5794748663902283,"_step":163,"train/epoch":0.2903939796370075,"train/grad_norm":0.271484375,"bce_loss":0,"train/global_step":164,"reg_weight":0.6491134751773049,"train/learning_rate":4.160698174566078e-05,"comp_loss":0.380859375,"_wandb":{"runtime":938},"budget_value":0.380859375,"_runtime":938,"budget_raw":0.380859375}